City_ID,City,Country,Date,Lat,Lng,Max Temp,Humidity,Cloudiness,Wind Speed
0,Maningrida,AU,2021-11-20 15:44:49,-12.0667,134.2667,82.45,68,31,8.66
1,Avarua,CK,2021-11-20 15:42:14,-21.2078,-159.775,73.45,78,36,6.91
2,Ostrovnoy,RU,2021-11-20 15:44:50,68.0531,39.5131,32.59,79,100,12.06
3,Almoloya,MX,2021-11-20 15:44:50,19.7,-98.4,54.97,61,58,3.15
4,Jamestown,US,2021-11-20 15:40:33,42.097,-79.2353,39.02,70,1,8.01
5,Cape Town,ZA,2021-11-20 15:40:29,-33.9258,18.4232,76.12,49,20,19.57
6,Mount Gambier,AU,2021-11-20 15:44:50,-37.8333,140.7667,40.91,93,1,0.0
7,Saint-Marc-Des-Carrieres,CA,2021-11-20 15:44:50,46.6834,-72.0491,34.21,56,28,6.64
8,Punta Arenas,CL,2021-11-20 15:42:55,-53.15,-70.9167,46.51,53,40,42.57
9,Mataura,NZ,2021-11-20 15:44:51,-46.1927,168.8643,50.31,99,100,3.0
10,Busselton,AU,2021-11-20 15:44:51,-33.65,115.3333,58.59,63,33,12.57
11,Hithadhoo,MV,2021-11-20 15:44:52,-0.6,73.0833,81.07,81,100,16.35
12,Broken Hill,AU,2021-11-20 15:44:52,-31.95,141.4333,56.91,94,90,14.97
13,Itoman,JP,2021-11-20 15:44:52,26.1247,127.6694,75.58,73,75,9.22
14,Victoria,HK,2021-11-20 15:43:41,22.2855,114.1577,75.38,82,87,5.99
15,Butaritari,KI,2021-11-20 15:44:53,3.0707,172.7902,81.91,66,97,14.12
16,Auki,SB,2021-11-20 15:44:53,-8.7676,160.7034,77.14,82,95,0.2
17,Saint-Philippe,RE,2021-11-20 15:44:53,-21.3585,55.7679,78.39,76,49,9.33
18,Salalah,OM,2021-11-20 15:44:53,17.0151,54.0924,80.69,74,20,3.44
19,Nikolskoye,RU,2021-11-20 15:44:54,59.7035,30.7861,37.87,77,95,12.68
20,Byron Bay,AU,2021-11-20 15:44:54,-28.65,153.6167,73.87,89,100,8.1
21,Chuy,UY,2021-11-20 15:44:54,-33.6971,-53.4616,80.33,42,0,10.47
22,Belmonte,BR,2021-11-20 15:44:54,-15.8631,-38.8828,86.0,68,95,10.76
23,Ochakiv,UA,2021-11-20 15:44:55,46.6128,31.5498,53.74,67,54,19.35
24,Saint-Pierre,RE,2021-11-20 15:44:55,-21.3393,55.4781,78.48,70,20,4.61
25,Rikitea,PF,2021-11-20 15:44:56,-23.1203,-134.9692,73.04,64,100,8.63
26,Luderitz,NA,2021-11-20 15:44:56,-26.6481,15.1594,67.32,65,12,26.64
27,Chenghai,CN,2021-11-20 15:44:56,23.4632,116.768,71.51,68,20,8.95
28,Georgetown,MY,2021-11-20 15:41:56,5.4112,100.3354,82.33,93,20,8.01
29,Barrow,US,2021-11-20 15:44:57,71.2906,-156.7887,8.62,78,90,10.36
30,Atuona,PF,2021-11-20 15:44:57,-9.8,-139.0333,79.21,67,2,12.77
31,Pevek,RU,2021-11-20 15:44:57,69.7008,170.3133,-9.98,95,75,3.0
32,Eregli,TR,2021-11-20 15:44:58,37.5133,34.0467,48.92,62,90,1.34
33,Bethel,US,2021-11-20 15:44:58,41.3712,-73.414,44.49,57,1,0.0
34,Tasiilaq,GL,2021-11-20 15:44:58,65.6145,-37.6368,28.56,95,100,18.1
35,Nabire,ID,2021-11-20 15:44:59,-3.3667,135.4833,77.18,89,100,2.55
36,Mahebourg,MU,2021-11-20 15:44:59,-20.4081,57.7,77.29,69,20,11.5
37,Newport,GB,2021-11-20 15:41:04,51.5877,-2.9984,52.63,79,99,7.27
38,Airai,TL,2021-11-20 15:44:59,-8.9266,125.4092,62.83,92,99,0.98
39,Hamilton,US,2021-11-20 15:41:25,39.1834,-84.5333,43.84,64,1,1.01
40,Ushuaia,AR,2021-11-20 15:45:00,-54.8,-68.3,44.26,42,75,25.32
41,Thompson,CA,2021-11-20 15:45:00,55.7435,-97.8558,21.36,86,90,14.97
42,Filadelfia,US,2021-11-20 15:40:22,39.9523,-75.1638,46.08,59,75,1.01
43,Isangel,VU,2021-11-20 15:46:00,-19.55,169.2667,73.51,94,20,0.0
44,Chumikan,RU,2021-11-20 15:46:01,54.7183,135.315,0.7,85,2,11.92
45,Castro,BR,2021-11-20 15:46:01,-24.7911,-50.0119,73.0,57,75,4.94
46,Sur,OM,2021-11-20 15:46:01,22.5667,59.5289,75.61,56,0,8.03
47,Wagar,SD,2021-11-20 15:46:02,16.1525,36.2032,87.35,19,0,12.57
48,Nanortalik,GL,2021-11-20 15:46:02,60.1432,-45.2371,38.26,97,100,14.74
49,Ancud,CL,2021-11-20 15:46:02,-41.8697,-73.8203,62.42,72,60,9.71
50,Tabory,RU,2021-11-20 15:46:03,58.5198,64.5495,25.79,93,100,11.12
51,Husavik,IS,2021-11-20 15:46:03,66.0449,-17.3389,26.51,78,99,14.7
52,Lagoa,PT,2021-11-20 15:46:03,39.05,-27.9833,65.08,75,98,24.61
53,Kodiak,US,2021-11-20 15:46:04,57.79,-152.4072,35.11,69,90,26.46
54,Constitucion,CL,2021-11-20 15:46:04,-35.3333,-72.4167,64.74,65,13,6.71
55,Albany,US,2021-11-20 15:45:32,42.6001,-73.9662,41.31,66,30,1.01
56,Markala,ML,2021-11-20 15:46:04,13.7021,-6.0659,98.78,9,8,13.56
57,Kapaa,US,2021-11-20 15:46:05,22.0752,-159.319,75.52,77,75,5.75
58,Ovre Ardal,NO,2021-11-20 15:46:05,61.3167,7.8,34.45,91,100,3.83
59,Koluszki,PL,2021-11-20 15:46:05,51.7387,19.8199,49.89,100,94,15.26
60,Porto-Vecchio,FR,2021-11-20 15:46:06,41.591,9.2795,63.86,77,0,8.05
61,New Norfolk,AU,2021-11-20 15:46:06,-42.7826,147.0587,51.3,80,76,2.62
62,Araouane,ML,2021-11-20 15:46:06,18.9048,-3.5265,91.9,16,3,18.28
63,Chokurdakh,RU,2021-11-20 15:46:07,70.6333,147.9167,-6.09,100,100,3.38
64,Marica,BR,2021-11-20 15:42:10,-22.9194,-42.8186,78.75,88,100,11.52
65,Bluff,NZ,2021-11-20 15:46:07,-46.6,168.3333,52.14,95,100,5.41
66,Malysheva,RU,2021-11-20 15:46:07,57.1185,61.4035,24.78,89,100,10.71
67,Port Elizabeth,ZA,2021-11-20 15:46:07,-33.918,25.5701,67.1,63,75,13.8
68,Lavrentiya,RU,2021-11-20 15:46:08,65.5833,-171.0,1.49,75,80,5.26
69,Alofi,NU,2021-11-20 15:46:08,-19.0595,-169.9187,75.09,88,9,4.61
70,Copperas Cove,US,2021-11-20 15:42:33,31.1241,-97.9031,61.3,76,1,10.36
71,Iqaluit,CA,2021-11-20 15:46:08,63.7506,-68.5145,13.73,85,90,25.99
72,Severo-Kurilsk,RU,2021-11-20 15:46:09,50.6789,156.125,36.41,94,99,6.87
73,Nuuk,GL,2021-11-20 15:46:09,64.1835,-51.7216,34.41,93,90,33.38
74,Honghu,CN,2021-11-20 15:46:09,29.8206,113.4621,56.86,87,100,7.34
75,Raasiku,EE,2021-11-20 15:46:09,59.3664,25.1831,42.75,75,28,15.05
76,Puerto Ayora,EC,2021-11-20 15:46:10,-0.7393,-90.3518,73.36,74,83,10.31
77,Souillac,MU,2021-11-20 15:46:10,-20.5167,57.5167,77.38,69,20,11.5
78,Wattegama,LK,2021-11-20 15:46:10,6.7989,81.4808,76.12,90,93,2.21
79,Upernavik,GL,2021-11-20 15:46:11,72.7868,-56.1549,4.87,71,94,6.2
80,Hualmay,PE,2021-11-20 15:46:11,-11.0964,-77.6139,70.14,71,79,11.5
81,Shingu,JP,2021-11-20 15:46:11,33.7333,135.9833,54.64,79,0,5.91
82,Bilibino,RU,2021-11-20 15:46:12,68.0546,166.4372,-18.47,82,82,4.07
83,Kavieng,PG,2021-11-20 15:46:12,-2.5744,150.7967,82.13,73,57,6.42
84,Lompoc,US,2021-11-20 15:46:13,34.6391,-120.4579,62.13,89,90,4.61
85,Dunedin,NZ,2021-11-20 15:46:03,-45.8742,170.5036,51.46,88,100,5.1
86,Yumen,CN,2021-11-20 15:46:13,40.2833,97.2,20.14,51,0,5.64
87,Hay River,CA,2021-11-20 15:46:13,60.8156,-115.7999,1.38,85,90,14.97
88,Meulaboh,ID,2021-11-20 15:46:13,4.1363,96.1285,78.24,87,100,3.76
89,Evensk,RU,2021-11-20 15:46:14,61.95,159.2333,13.3,79,97,12.86
90,Cuiluan,CN,2021-11-20 15:47:14,47.72,128.648,7.39,97,25,0.85
91,Balkanabat,TM,2021-11-20 15:47:14,39.5108,54.3671,50.47,37,95,3.06
92,Yoichi,JP,2021-11-20 15:47:14,43.2039,140.7703,34.23,68,96,6.76
93,Harper,LR,2021-11-20 15:47:15,4.375,-7.7169,84.02,74,28,8.61
94,Pauri,IN,2021-11-20 15:47:15,30.15,78.7833,51.55,48,0,4.68
95,Ahipara,NZ,2021-11-20 15:47:15,-35.1667,173.1667,58.23,96,55,6.33
96,Lebu,CL,2021-11-20 15:47:16,-37.6167,-73.65,60.01,76,49,16.15
97,Hokitika,NZ,2021-11-20 15:47:16,-42.7167,170.9667,53.42,74,99,6.49
98,Xining,CN,2021-11-20 15:47:16,36.6167,101.7667,23.77,55,1,4.27
99,Cunday,CO,2021-11-20 15:47:16,4.06,-74.6921,81.16,75,98,3.02
100,Clinton,US,2021-11-20 15:44:37,42.587,-82.9199,40.08,70,90,1.99
101,Hermanus,ZA,2021-11-20 15:47:17,-34.4187,19.2345,75.9,69,40,20.58
102,Davlekanovo,RU,2021-11-20 15:47:17,54.2215,55.0343,26.62,93,100,20.49
103,Ribeira Grande,PT,2021-11-20 15:47:18,38.5167,-28.7,63.0,94,75,25.32
104,Takoradi,GH,2021-11-20 15:47:18,4.8845,-1.7554,83.59,73,26,8.46
105,Sao Filipe,CV,2021-11-20 15:47:18,14.8961,-24.4956,79.12,77,97,6.38
106,Tuktoyaktuk,CA,2021-11-20 15:47:19,69.4541,-133.0374,-9.4,84,40,8.05
107,Hobart,AU,2021-11-20 15:47:19,-42.8794,147.3294,51.66,88,90,1.01
108,Paamiut,GL,2021-11-20 15:47:19,61.994,-49.6678,32.94,98,100,14.94
109,Bredasdorp,ZA,2021-11-20 15:47:19,-34.5322,20.0403,66.27,66,96,18.66
110,Kumasi,GH,2021-11-20 15:47:20,6.6885,-1.6244,90.9,41,39,5.79
111,Plettenberg Bay,ZA,2021-11-20 15:47:20,-34.0527,23.3716,63.25,78,61,18.34
112,Fortuna,US,2021-11-20 15:47:20,40.5982,-124.1573,48.47,66,90,5.99
113,Nouadhibou,MR,2021-11-20 15:47:21,20.931,-17.0347,78.78,61,0,8.05
114,Bonavista,CA,2021-11-20 15:47:21,48.6499,-53.1147,43.12,79,100,7.99
115,Vaini,TO,2021-11-20 15:47:21,-21.2,-175.2,71.76,100,20,3.44
116,Aksay,RU,2021-11-20 15:47:21,47.26,39.87,47.14,82,100,18.99
117,Nishihara,JP,2021-11-20 15:47:22,26.1842,127.7558,74.86,73,75,9.22
118,Makakilo City,US,2021-11-20 15:47:22,21.3469,-158.0858,74.68,82,1,4.61
119,Marevo,RU,2021-11-20 15:47:22,57.3146,32.0804,36.81,76,97,11.88
120,Sungaipenuh,ID,2021-11-20 15:47:23,-2.0833,101.3833,66.42,89,97,0.78
121,Cooma,AU,2021-11-20 15:47:23,-36.2333,149.1333,47.97,100,90,0.0
122,Portland,US,2021-11-20 15:45:44,45.5234,-122.6762,45.25,93,75,0.0
123,East London,ZA,2021-11-20 15:47:23,-33.0153,27.9116,67.14,72,75,14.97
124,Yellowknife,CA,2021-11-20 15:46:31,62.456,-114.3525,-0.58,88,75,10.36
125,Yarim,YE,2021-11-20 15:47:24,14.298,44.3779,57.65,53,9,4.65
126,Oum Hadjer,TD,2021-11-20 15:47:24,13.2954,19.6966,91.6,13,2,6.93
127,Buffalo Grove,US,2021-11-20 15:44:07,42.1514,-87.9598,40.44,67,90,1.01
128,Arraial Do Cabo,BR,2021-11-20 15:47:24,-22.9661,-42.0278,75.16,78,75,11.5
129,Lorengau,PG,2021-11-20 15:47:25,-2.0226,147.2712,81.14,69,58,1.07
130,Conakry,GN,2021-11-20 15:47:25,9.538,-13.6773,93.36,70,20,9.22
131,Kieta,PG,2021-11-20 15:47:25,-6.2167,155.6333,78.06,82,100,1.36
132,Sharan,RU,2021-11-20 15:47:26,54.8167,54.0,29.1,91,100,19.15
133,Guerrero Negro,MX,2021-11-20 15:47:26,27.9769,-114.0611,64.83,79,100,7.7
134,Kiboga,UG,2021-11-20 15:47:26,0.9161,31.7742,66.92,82,95,3.51
135,Veraval,IN,2021-11-20 15:48:27,20.9,70.3667,82.51,68,85,3.24
136,Yebaishou,CN,2021-11-20 15:48:27,41.3975,119.6408,29.01,78,100,2.84
137,Torrington,US,2021-11-20 15:48:27,41.8007,-73.1212,43.07,56,7,1.01
138,Udachnyy,RU,2021-11-20 15:48:28,66.4167,112.4,-27.78,99,12,4.59
139,Koroni,GR,2021-11-20 15:48:28,36.8,21.95,62.08,68,19,5.17
140,Grafton,US,2021-11-20 15:48:28,42.207,-71.6856,42.8,53,1,1.01
141,Wad Madani,SD,2021-11-20 15:48:29,14.4012,33.5199,82.58,16,0,10.78
142,Cidreira,BR,2021-11-20 15:48:29,-30.1811,-50.2056,71.06,55,0,10.83
143,Panacan,PH,2021-11-20 15:48:30,9.2463,118.4082,80.38,83,76,3.31
144,Suez,EG,2021-11-20 15:48:30,29.9737,32.5263,69.19,45,95,10.29
145,Shenjiamen,CN,2021-11-20 15:48:30,29.9576,122.298,62.65,79,91,7.07
146,Lentekhi,GE,2021-11-20 15:48:30,42.7856,42.7261,42.93,99,100,3.11
147,Saint Stephen,GB,2021-11-20 15:48:31,50.3333,-4.9,52.75,93,40,3.44
148,Zalantun,CN,2021-11-20 15:48:31,48.0,122.7167,16.66,91,64,2.42
149,Mount Isa,AU,2021-11-20 15:48:32,-20.7333,139.5,78.57,61,4,0.0
150,Hami,CN,2021-11-20 15:48:32,42.8,93.45,28.24,35,0,5.41
151,Hambantota,LK,2021-11-20 15:48:32,6.1241,81.1185,77.34,88,0,4.61
152,Lasa,IT,2021-11-20 15:48:32,46.6166,10.7002,54.48,63,8,1.19
153,Oksfjord,NO,2021-11-20 15:48:33,70.2396,22.3479,31.12,74,100,16.8
154,Port Alfred,ZA,2021-11-20 15:48:33,-33.5906,26.891,65.12,67,63,16.28
155,Biak,ID,2021-11-20 15:48:33,-0.9131,122.8766,77.27,87,71,1.72
156,Kaduqli,SD,2021-11-20 15:48:34,11.0167,29.7167,86.07,18,0,9.17
157,Pecanha,BR,2021-11-20 15:48:34,-18.5486,-42.5569,69.62,93,100,3.22
158,Grand Gaube,MU,2021-11-20 15:48:35,-20.0064,57.6608,77.4,66,5,5.99
159,Qaanaaq,GL,2021-11-20 15:48:35,77.484,-69.3632,-5.28,71,17,6.93
160,Kemijarvi,FI,2021-11-20 15:48:35,66.7131,27.4306,29.05,91,100,9.8
161,Colares,PT,2021-11-20 15:48:36,38.7992,-9.4469,66.33,64,20,8.01
162,Aban,RU,2021-11-20 15:48:36,56.67,96.06,9.37,94,100,7.45
163,Maceio,BR,2021-11-20 15:48:36,-9.6658,-35.7353,87.24,66,75,3.44
164,Deputatskiy,RU,2021-11-20 15:48:37,69.3,139.9,-6.45,99,100,2.3
165,Lazaro Cardenas,MX,2021-11-20 15:44:34,17.9583,-102.2,81.21,55,0,2.91
166,Kununurra,AU,2021-11-20 15:48:37,-15.7667,128.7333,82.38,78,73,0.0
167,Thinadhoo,MV,2021-11-20 15:48:37,0.5333,72.9333,81.39,80,97,17.98
168,Iracoubo,GF,2021-11-20 15:48:38,5.4802,-53.2011,83.5,74,27,9.62
169,Loandjili,CG,2021-11-20 15:48:38,-4.7561,11.8578,77.99,85,100,6.69
170,Sovetskiy,RU,2021-11-20 15:48:38,61.3614,63.5842,24.51,97,100,6.8
171,Esperance,AU,2021-11-20 15:48:39,-33.8667,121.9,57.04,72,2,17.2
172,Namatanai,PG,2021-11-20 15:48:39,-3.6667,152.4333,78.26,84,53,3.49
173,Saint George,US,2021-11-20 15:46:31,37.1041,-113.5841,57.34,52,1,3.44
174,Voh,NC,2021-11-20 15:48:39,-20.9667,164.7,70.02,87,18,1.79
175,Mozarlandia,BR,2021-11-20 15:48:40,-14.7447,-50.5706,85.3,65,71,3.22
176,Talnakh,RU,2021-11-20 15:48:40,69.4865,88.3972,-16.04,92,27,8.84
177,Gomel,BY,2021-11-20 15:48:40,52.4345,30.9754,42.78,61,0,22.37
178,Carutapera,BR,2021-11-20 15:48:41,-1.195,-46.02,86.09,67,25,10.45
179,Nome,US,2021-11-20 15:48:41,64.5011,-165.4064,3.27,55,1,3.44
180,Longyearbyen,SJ,2021-11-20 15:49:41,78.2186,15.6401,8.44,72,40,11.5
181,Hilo,US,2021-11-20 15:49:42,19.7297,-155.09,76.28,87,90,6.91
182,Karabulak,RU,2021-11-20 15:49:42,43.3036,44.8964,41.99,80,11,1.03
183,Bela Vista De Goias,BR,2021-11-20 15:49:42,-16.9728,-48.9533,81.75,68,100,5.06
184,Fallon,US,2021-11-20 15:49:43,39.4735,-118.7774,40.44,75,20,0.0
185,Fort Portal,UG,2021-11-20 15:49:43,0.6617,30.2748,62.76,93,98,1.25
186,Vostok,RU,2021-11-20 15:49:44,46.4856,135.8833,13.35,98,100,2.24
187,Gimli,CA,2021-11-20 15:49:44,50.6336,-96.9907,24.82,74,5,8.05
188,Okitipupa,NG,2021-11-20 15:49:44,6.5047,4.7839,86.36,65,85,7.92
189,Ruwi,OM,2021-11-20 15:49:45,23.5996,58.5507,78.49,52,5,6.64
190,Tiksi,RU,2021-11-20 15:49:45,71.6872,128.8694,-13.54,97,100,6.55
191,Bandar-E Lengeh,IR,2021-11-20 15:49:45,26.5579,54.8807,75.31,53,0,4.61
192,Saldanha,ZA,2021-11-20 15:49:46,-33.0117,17.9442,78.85,72,100,17.49
193,Bengkulu,ID,2021-11-20 15:49:37,-3.8004,102.2655,77.25,89,95,3.67
194,Uspenka,UA,2021-11-20 15:49:46,48.3903,39.1619,47.07,81,100,19.26
195,Florida,US,2021-11-20 15:48:17,28.7505,-82.5001,75.9,77,75,5.99
196,Egvekinot,RU,2021-11-20 15:49:46,66.3167,-179.1667,0.73,63,76,8.75
197,Zhanakorgan,KZ,2021-11-20 15:49:47,43.9098,67.2495,35.47,31,83,9.4
198,Mar Del Plata,AR,2021-11-20 15:49:00,-38.0023,-57.5575,77.02,44,0,13.8
199,Lake City,US,2021-11-20 15:48:00,30.1897,-82.6393,64.98,77,75,10.36
200,Torbay,CA,2021-11-20 15:49:47,47.6666,-52.7314,42.28,93,90,14.97
201,Puerto Escondido,MX,2021-11-20 15:49:47,15.85,-97.0667,85.1,50,13,2.04
202,Mujiayingzi,CN,2021-11-20 15:49:48,42.1167,118.7833,27.55,81,100,1.41
203,Cabo San Lucas,MX,2021-11-20 15:49:48,22.8909,-109.9124,76.51,59,5,3.83
204,Roald,NO,2021-11-20 15:49:48,62.5833,6.1333,42.91,70,40,5.75
205,Chivacoa,VE,2021-11-20 15:49:48,10.1603,-68.895,93.43,50,46,4.32
206,Canakkale,TR,2021-11-20 15:49:49,40.0833,26.8333,54.52,59,71,5.82
207,Aksarka,RU,2021-11-20 15:49:49,66.5606,67.7975,8.92,95,99,9.78
208,Chimay,BE,2021-11-20 15:49:49,50.0486,4.3171,46.99,93,5,3.22
209,Itarema,BR,2021-11-20 15:49:50,-2.9248,-39.9167,88.95,56,61,17.52
210,Luba,GQ,2021-11-20 15:49:50,3.4568,8.5547,80.64,81,69,5.37
211,Prainha,BR,2021-11-20 15:49:50,-1.8,-53.48,76.46,92,100,6.82
212,Gladstone,AU,2021-11-20 15:49:50,-23.85,151.25,67.93,83,95,1.14
213,Nantucket,US,2021-11-20 15:49:51,41.2835,-70.0995,46.51,59,1,10.36
214,Qaqortoq,GL,2021-11-20 15:49:51,60.7167,-46.0333,36.1,99,100,11.23
215,Bagan,RU,2021-11-20 15:49:51,54.1001,77.6646,16.34,85,100,12.66
216,Codrington,AU,2021-11-20 15:49:52,-38.2667,141.9667,48.63,81,1,8.52
217,Anuradhapura,LK,2021-11-20 15:49:52,8.3565,80.4173,74.1,85,70,7.61
218,Swansea,GB,2021-11-20 15:49:53,51.6208,-3.9432,53.47,82,93,1.01
219,Cedar City,US,2021-11-20 15:49:53,37.6775,-113.0619,44.4,55,1,5.75
220,Sal Rei,CV,2021-11-20 15:49:53,16.1833,-22.9167,82.6,69,75,13.8
221,Half Moon Bay,US,2021-11-20 15:49:54,37.4636,-122.4286,57.33,93,1,5.75
222,Xuanzhou,CN,2021-11-20 15:49:54,30.9525,118.7553,61.9,78,100,3.29
223,Conceicao Do Araguaia,BR,2021-11-20 15:49:54,-8.2578,-49.2647,86.72,64,73,4.85
224,Tucuman,AR,2021-11-20 15:50:55,-26.8241,-65.2226,82.4,39,0,4.61
225,Yenagoa,NG,2021-11-20 15:50:55,4.9247,6.2642,84.99,72,83,5.3
226,Bisira,PA,2021-11-20 15:50:55,8.5196,-81.7115,70.95,60,72,3.27
227,Norman Wells,CA,2021-11-20 15:50:55,65.282,-126.8329,3.24,78,75,8.05
228,Resistencia,AR,2021-11-20 15:48:24,-27.4606,-58.9839,87.1,40,0,6.91
229,Te Anau,NZ,2021-11-20 15:50:56,-45.4167,167.7167,47.95,94,100,1.28
230,Labelle,US,2021-11-20 15:50:56,26.7617,-81.4384,79.23,64,97,16.67
231,Faanui,PF,2021-11-20 15:50:56,-16.4833,-151.75,80.22,77,68,20.22
232,Cadillac,US,2021-11-20 15:46:37,44.2519,-85.4012,36.97,69,90,10.36
233,Moindou,NC,2021-11-20 15:50:57,-21.6924,165.677,69.75,78,81,4.29
234,Sangolqui,EC,2021-11-20 15:50:57,-0.3341,-78.4522,66.34,68,80,2.53
235,Rawson,AR,2021-11-20 15:50:52,-43.3002,-65.1023,78.85,27,80,27.31
236,Hasaki,JP,2021-11-20 15:50:57,35.7333,140.8333,46.8,61,36,8.16
237,Mega,ET,2021-11-20 15:50:58,4.05,38.3,68.52,51,53,10.27
238,Natitingou,BJ,2021-11-20 15:50:58,10.3042,1.3796,95.05,11,21,8.01
239,Bay Roberts,CA,2021-11-20 15:50:58,47.5999,-53.2648,43.05,77,100,10.0
240,Olafsvik,IS,2021-11-20 15:50:59,64.8945,-23.7142,33.57,66,100,1.66
241,Caravelas,BR,2021-11-20 15:50:59,-17.7125,-39.2481,82.96,69,100,11.1
242,Kaitangata,NZ,2021-11-20 15:50:59,-46.2817,169.8464,50.68,97,95,2.42
243,Cartagena Del Chaira,CO,2021-11-20 15:50:59,1.3349,-74.8429,91.94,41,93,3.44
244,Port Lincoln,AU,2021-11-20 15:46:31,-34.7333,135.8667,54.77,71,23,13.62
245,George,ZA,2021-11-20 15:51:00,-33.963,22.4617,62.15,82,75,19.57
246,Ambunti,PG,2021-11-20 15:51:00,-4.2365,142.8448,74.28,99,100,1.95
247,Kruisfontein,ZA,2021-11-20 15:46:44,-34.0033,24.7314,64.89,69,77,18.28
248,Dikson,RU,2021-11-20 15:51:00,73.5069,80.5464,-10.66,92,51,12.19
249,San Quintin,MX,2021-11-20 15:51:01,30.4833,-115.95,61.32,84,97,4.65
250,Yar-Sale,RU,2021-11-20 15:51:01,66.8333,70.8333,5.72,94,100,18.88
251,Tinskoy,RU,2021-11-20 15:51:01,56.1525,96.9161,10.6,79,100,6.46
252,Sembe,CG,2021-11-20 15:51:02,1.6481,14.5806,83.84,65,83,0.63
253,Muisne,EC,2021-11-20 15:51:02,0.6,-80.0333,78.91,76,90,8.72
254,Boende,CD,2021-11-20 15:51:02,-0.2167,20.8667,75.09,89,90,6.96
255,Okha,RU,2021-11-20 15:51:03,53.5739,142.9478,27.64,82,89,20.96
256,Simav,TR,2021-11-20 15:51:03,39.0882,28.9777,41.16,69,52,7.47
257,Gallup,US,2021-11-20 15:51:03,35.5281,-108.7426,28.24,54,1,0.0
258,Middle Island,US,2021-11-20 15:51:03,40.8843,-72.9373,46.98,52,1,1.99
259,Zurrieq,MT,2021-11-20 15:51:04,35.8311,14.4742,63.97,68,20,5.75
260,Abha,SA,2021-11-20 15:50:34,18.2164,42.5053,62.42,72,20,8.05
261,Porto Novo,BJ,2021-11-20 15:51:04,6.4965,2.6036,87.62,72,66,9.01
262,Komsomolskiy,UZ,2021-11-20 15:51:04,40.4272,71.7189,35.02,59,0,4.61
263,Kerrville,US,2021-11-20 15:51:05,30.0474,-99.1403,62.55,84,40,4.0
264,Arman,RU,2021-11-20 15:51:05,59.7,150.1667,19.02,80,100,11.81
265,Itupiranga,BR,2021-11-20 15:51:05,-5.1347,-49.3267,86.32,48,25,1.61
266,Jati,PK,2021-11-20 15:51:06,24.3539,68.2671,78.24,15,0,10.74
267,Banda Aceh,ID,2021-11-20 15:51:06,5.5577,95.3222,80.69,80,91,9.82
268,Maniitsoq,GL,2021-11-20 15:51:06,65.4167,-52.9,33.13,98,100,25.12
269,Along,IN,2021-11-20 15:51:06,28.1667,94.7667,58.82,69,49,1.9
270,Tuy Hoa,VN,2021-11-20 15:48:25,13.0833,109.3,75.07,89,62,3.02
271,Brawley,US,2021-11-20 15:51:07,32.9787,-115.5303,67.17,71,1,3.44
272,Carnarvon,AU,2021-11-20 15:51:07,-24.8667,113.6333,71.67,83,75,13.8
273,La Ronge,CA,2021-11-20 15:52:07,55.1001,-105.2842,19.65,73,90,5.75
274,Bonthe,SL,2021-11-20 15:52:08,7.5264,-12.505,86.13,66,14,10.78
275,Moose Factory,CA,2021-11-20 15:52:08,51.2585,-80.6094,31.98,93,90,12.66
276,Calatayud,ES,2021-11-20 15:52:08,41.3535,-1.6432,61.38,70,100,1.77
277,Iaciara,BR,2021-11-20 15:52:09,-14.0958,-46.6317,84.25,57,86,2.75
278,Katobu,ID,2021-11-20 15:52:09,-4.9408,122.5276,76.33,92,93,2.55
279,Cabedelo,BR,2021-11-20 15:52:09,-6.9811,-34.8339,88.47,65,84,13.18
280,Juba,SS,2021-11-20 15:52:10,4.8517,31.5825,84.76,45,53,3.67
281,Soe,ID,2021-11-20 15:52:10,-9.8607,124.284,70.02,90,100,3.27
282,Avera,US,2021-11-20 15:52:10,33.194,-82.5271,53.67,34,0,12.55
283,Punta Alta,AR,2021-11-20 15:52:10,-38.8759,-62.0736,87.58,29,25,18.43
284,Fougamou,GA,2021-11-20 15:52:11,-1.2154,10.5838,85.23,95,100,2.01
285,Yelizovo,RU,2021-11-20 15:52:11,53.1873,158.3805,35.74,93,90,44.74
286,Omboue,GA,2021-11-20 15:52:11,-1.5746,9.2618,77.41,87,96,8.03
287,Kahului,US,2021-11-20 15:50:41,20.8947,-156.47,76.84,83,1,0.0
288,Leningradskiy,RU,2021-11-20 15:52:12,69.3833,178.4167,-6.81,85,2,3.78
289,Balakirevo,RU,2021-11-20 15:52:12,56.5059,38.8432,31.48,87,100,17.58
290,Lensk,RU,2021-11-20 15:51:49,60.7253,114.9278,-6.25,100,100,0.76
291,Khatanga,RU,2021-11-20 15:52:12,71.9667,102.5,-25.04,99,98,5.86
292,Hof,DE,2021-11-20 15:52:13,50.3167,11.9167,44.67,89,90,9.22
293,Izazi,TZ,2021-11-20 15:52:13,-7.2,35.7333,92.23,22,27,11.92
294,Giddalur,IN,2021-11-20 15:52:13,15.35,78.9167,75.04,93,100,8.23
295,Khanpur,PK,2021-11-20 15:52:13,28.6453,70.6567,70.29,15,0,6.51
296,Jimeta,NG,2021-11-20 15:52:14,9.2833,12.4667,98.64,14,10,1.83
297,Mehamn,NO,2021-11-20 15:52:14,71.0357,27.8492,30.76,67,100,27.56
298,Beringovskiy,RU,2021-11-20 15:52:14,63.05,179.3167,-0.76,97,33,9.57
299,Cayenne,GF,2021-11-20 15:52:15,4.9333,-52.3333,89.64,78,37,7.0
300,Tuatapere,NZ,2021-11-20 15:52:15,-46.1333,167.6833,50.22,94,100,4.0
301,Samarai,PG,2021-11-20 15:52:15,-10.6167,150.6667,80.69,81,68,11.12
302,Saskylakh,RU,2021-11-20 15:52:16,71.9167,114.0833,-22.2,98,92,6.29
303,Hobbs,US,2021-11-20 15:52:16,32.7026,-103.136,65.35,36,14,5.99
304,Berlevag,NO,2021-11-20 15:52:16,70.8578,29.0864,31.1,75,100,28.95
305,Yauya,PE,2021-11-20 15:52:16,-8.9833,-77.3,53.15,66,100,2.82
306,Dubna,RU,2021-11-20 15:52:17,56.7333,37.1667,32.22,85,100,12.82
307,Valle De Allende,MX,2021-11-20 15:52:17,26.9333,-105.4,63.18,48,34,3.6
308,Richards Bay,ZA,2021-11-20 15:52:17,-28.783,32.0377,68.18,66,96,8.32
309,Burnie,AU,2021-11-20 15:52:17,-41.0667,145.9167,51.94,69,19,6.89
310,Hofn,IS,2021-11-20 15:52:18,64.2539,-15.2082,33.67,52,1,15.1
311,Saint-Louis,SN,2021-11-20 15:52:18,16.3333,-15.0,101.84,11,77,10.71
312,Sola,VU,2021-11-20 15:52:18,-13.8833,167.55,80.29,72,100,11.65
313,Klaksvik,FO,2021-11-20 15:52:19,62.2266,-6.589,38.32,79,100,27.45
314,Tres Arroyos,AR,2021-11-20 15:52:19,-38.3739,-60.2798,89.33,18,6,16.31
315,Mana,GF,2021-11-20 15:52:19,5.6592,-53.7767,86.11,65,24,8.05
316,Tromso,NO,2021-11-20 15:49:30,69.6496,18.957,30.22,80,20,1.01
317,Krasnoyarskiy,RU,2021-11-20 15:52:20,51.965,59.8967,20.14,90,100,16.24
318,Ust-Kuyga,RU,2021-11-20 15:52:20,70.0167,135.6,-15.66,99,98,2.53
319,Bata,GQ,2021-11-20 15:53:20,1.8639,9.7658,80.64,79,89,8.57
320,Moerai,PF,2021-11-20 15:53:21,-22.4333,-151.3333,75.87,64,97,8.95
321,Clarence Town,AU,2021-11-20 15:53:21,-32.5833,151.7833,63.95,98,100,2.19
322,Bokoro,TD,2021-11-20 15:53:21,12.3807,17.0568,94.41,13,19,8.16
323,San Miguel,SV,2021-11-20 15:53:22,13.4833,-88.1833,82.56,59,90,3.31
324,Port Augusta,AU,2021-11-20 15:53:22,-32.5,137.7667,57.34,72,75,15.41
325,Krasnozerskoye,RU,2021-11-20 15:53:23,53.9828,79.2374,14.99,83,100,13.73
326,Kamalapuram,IN,2021-11-20 15:53:23,14.5833,78.65,77.2,88,100,7.2
327,Eirunepe,BR,2021-11-20 15:53:23,-6.6603,-69.8736,86.79,60,87,3.83
328,Vysokogornyy,RU,2021-11-20 15:53:24,50.1167,139.15,4.33,100,86,1.92
329,Chimoio,MZ,2021-11-20 15:53:24,-19.1164,33.4833,76.95,73,75,5.99
330,Faya,SA,2021-11-20 15:53:24,18.3851,42.4509,62.71,70,6,5.97
331,Acapulco,MX,2021-11-20 15:51:28,16.8634,-99.8901,82.22,60,1,0.98
332,Sistranda,NO,2021-11-20 15:53:25,63.7256,8.834,39.9,61,100,20.6
333,Eureka,US,2021-11-20 15:53:25,40.8021,-124.1637,48.74,97,13,5.35
334,Dandong,CN,2021-11-20 15:50:50,40.1292,124.3947,41.13,55,100,4.68
335,Charters Towers,AU,2021-11-20 15:53:25,-20.1,146.2667,69.51,76,0,7.4
336,Pisco,PE,2021-11-20 15:53:26,-13.7,-76.2167,68.05,77,75,6.91
337,Shizunai,JP,2021-11-20 15:53:26,42.3339,142.3669,39.83,64,99,5.93
338,Balykshi,KZ,2021-11-20 15:53:26,47.0667,51.8667,33.8,80,75,15.66
339,Vila Franca Do Campo,PT,2021-11-20 15:53:27,37.7167,-25.4333,68.41,68,71,14.99
340,Mianyang,CN,2021-11-20 15:53:27,31.4593,104.7542,55.87,70,93,0.72
341,Finschhafen,PG,2021-11-20 15:53:27,-6.6024,147.8681,79.02,82,26,5.95
342,Balabac,PH,2021-11-20 15:53:27,7.9868,117.0645,81.68,75,86,4.56
343,Yabrud,SY,2021-11-20 15:53:28,33.9674,36.6574,42.53,80,100,12.15
344,Popondetta,PG,2021-11-20 15:53:28,-8.7537,148.2534,73.81,95,22,2.42
345,Yakuplu,TR,2021-11-20 15:53:28,40.9889,28.6758,51.91,66,75,0.0
346,Catuday,PH,2021-11-20 15:53:29,16.2923,119.8062,80.44,70,75,3.56
347,Izumo,JP,2021-11-20 15:53:29,35.3667,132.7667,46.35,84,0,6.24
348,Provideniya,RU,2021-11-20 15:53:29,64.3833,-173.3,9.28,57,13,4.65
349,Woodward,US,2021-11-20 15:53:30,36.4337,-99.3904,47.97,61,1,0.0
350,Beloha,MG,2021-11-20 15:53:30,-25.1667,45.05,73.94,80,59,13.76
351,Mama,RU,2021-11-20 15:53:30,58.3106,112.8986,2.68,98,100,0.94
352,Cam Ranh,VN,2021-11-20 15:53:31,11.9214,109.1591,76.96,83,75,3.44
353,Hovd,MN,2021-11-20 15:53:31,48.0056,91.6419,7.79,37,1,1.03
354,Asau,RO,2021-11-20 15:53:31,46.4333,26.4,45.52,90,43,6.29
355,Nhulunbuy,AU,2021-11-20 15:53:31,-12.2333,136.7667,77.61,83,68,0.0
356,Olinda,BR,2021-11-20 15:53:32,-8.0089,-34.8553,82.13,36,75,10.36
357,Palana,RU,2021-11-20 15:53:32,59.1167,159.9667,23.05,69,37,17.76
358,Surt,LY,2021-11-20 15:53:32,31.2089,16.5887,67.86,59,17,11.52
359,Ilulissat,GL,2021-11-20 15:53:33,69.2167,-51.1,20.8,77,96,8.48
360,Dapaong,TG,2021-11-20 15:53:33,10.8639,0.205,99.34,8,3,8.88
361,Karpogory,RU,2021-11-20 15:53:33,64.0019,44.4451,28.51,95,100,5.32
362,Kenora,CA,2021-11-20 15:53:34,49.8167,-94.4337,25.99,86,20,10.36
363,Kutum,SD,2021-11-20 15:53:34,14.2,24.6667,75.25,17,0,10.65
364,Safaga,EG,2021-11-20 15:53:34,26.7292,33.9365,73.98,46,11,11.14
365,Tura,IN,2021-11-20 15:53:35,25.5198,90.2201,63.48,76,6,3.15
366,Bamiantong,CN,2021-11-20 15:54:35,44.9333,130.5333,23.07,78,65,0.87
367,Venado Tuerto,AR,2021-11-20 15:54:35,-33.7456,-61.9688,91.78,22,0,10.87
368,Ponta Do Sol,PT,2021-11-20 15:54:35,32.6667,-17.1,71.01,66,72,3.11
369,Bucerias,MX,2021-11-20 15:54:36,20.75,-105.3333,77.99,64,6,4.45
370,Cherskiy,RU,2021-11-20 15:54:36,68.75,161.3,-17.95,92,35,1.95
371,Qasigiannguit,GL,2021-11-20 15:54:36,68.8193,-51.1922,18.0,82,100,4.07
372,Frontignan,FR,2021-11-20 15:54:36,43.4485,3.754,57.34,77,1,2.46
373,Buala,SB,2021-11-20 15:54:37,-8.145,159.5921,78.89,79,100,1.34
374,Grenada,ES,2021-11-20 15:54:37,37.1882,-3.6067,58.19,94,90,0.0
375,Ust-Barguzin,RU,2021-11-20 15:54:37,53.45,108.9833,12.61,85,100,3.8
376,Kizukuri,JP,2021-11-20 15:54:38,40.8061,140.3861,42.12,78,47,5.79
377,Russell,US,2021-11-20 15:50:04,32.3502,-85.1999,52.99,43,1,5.75
378,Kuala Terengganu,MY,2021-11-20 15:54:38,5.3302,103.1408,82.35,89,20,2.3
379,Batagay,RU,2021-11-20 15:54:38,67.6333,134.6333,-16.24,99,99,1.88
380,Clyde River,CA,2021-11-20 15:54:39,70.4692,-68.5914,10.63,85,40,21.85
381,Inhambane,MZ,2021-11-20 15:54:39,-23.865,35.3833,75.18,94,75,7.0
382,Waverly,US,2021-11-20 15:54:39,42.7392,-84.6208,36.88,72,100,13.98
383,Leu,RO,2021-11-20 15:54:40,44.1833,24.0,53.44,66,0,9.22
384,Okhotsk,RU,2021-11-20 15:54:40,59.3833,143.3,7.2,80,90,19.57
385,Areia Branca,BR,2021-11-20 15:54:40,-4.9561,-37.1369,93.4,56,92,20.29
386,Grand-Lahou,CI,2021-11-20 15:54:40,5.1367,-5.0242,84.58,73,20,10.09
387,Kungurtug,RU,2021-11-20 15:54:41,50.5994,97.5228,-11.76,96,15,1.77
388,Haines Junction,CA,2021-11-20 15:54:41,60.7522,-137.5108,-18.49,99,66,1.43
389,Fort Morgan,US,2021-11-20 15:54:41,40.2503,-103.8,48.09,38,90,4.61
390,Aleksandrovsk,RU,2021-11-20 15:54:42,59.158,57.5624,25.81,84,100,9.04
391,Ulladulla,AU,2021-11-20 15:54:42,-35.35,150.4667,57.78,92,100,9.78
392,Leua,SK,2021-11-20 15:54:42,48.2156,18.6071,52.5,85,6,4.59
393,Asosa,ET,2021-11-20 15:54:42,10.0667,34.5333,69.06,48,51,6.49
394,Zhigansk,RU,2021-11-20 15:54:43,66.7697,123.3711,-26.16,100,98,6.35
395,Minab,IR,2021-11-20 15:54:43,27.1467,57.0801,69.3,39,0,2.53
396,Aksarayskiy,RU,2021-11-20 15:54:43,46.7924,48.0119,39.15,85,81,17.43
397,Waipawa,NZ,2021-11-20 15:54:43,-41.4122,175.5153,56.44,82,56,7.2
398,Grandview,US,2021-11-20 15:54:44,38.8858,-94.533,49.3,56,60,4.0
399,Hammerfest,NO,2021-11-20 15:54:44,70.6634,23.6821,30.65,74,75,13.8
400,Ulaanbaatar,MN,2021-11-20 15:54:44,47.9077,106.8832,12.33,73,75,8.95
401,El Jicaro,GT,2021-11-20 15:54:45,14.9167,-89.9,76.53,58,97,2.06
402,Wanning,CN,2021-11-20 15:54:45,18.8003,110.3967,76.48,82,75,1.83
403,Vodnyy,RU,2021-11-20 15:54:45,63.5046,53.4095,22.77,95,95,6.91
404,Cheyenne,US,2021-11-20 15:54:45,41.14,-104.8203,44.98,51,100,1.99
405,Zastron,ZA,2021-11-20 15:54:46,-30.3023,27.084,70.16,14,29,10.98
406,Dovolnoye,RU,2021-11-20 15:54:46,54.4958,79.6671,15.84,86,100,14.34
407,Kysyl-Syr,RU,2021-11-20 15:54:46,63.8986,122.7617,-19.28,99,98,2.37
408,Pangnirtung,CA,2021-11-20 15:54:47,66.1451,-65.7125,19.4,58,75,2.3
409,Brus Laguna,HN,2021-11-20 15:54:47,15.75,-84.4833,81.21,79,100,4.41
410,Emerald,AU,2021-11-20 15:54:47,-23.5333,148.1667,73.54,45,91,8.05
411,Sahuaripa,MX,2021-11-20 15:54:47,29.05,-109.2333,72.28,32,98,1.39
412,Yakeshi,CN,2021-11-20 15:54:48,49.2833,120.7333,8.15,97,58,2.8
413,Lewistown,US,2021-11-20 15:54:48,40.5992,-77.5714,42.94,54,99,7.94
414,Afumati,RO,2021-11-20 15:55:48,44.5167,26.2667,56.91,68,0,0.0
415,Pareora,NZ,2021-11-20 15:55:49,-44.4871,171.2132,54.01,68,91,2.51
416,Beyneu,KZ,2021-11-20 15:55:49,45.3167,55.2,31.62,68,64,11.32
417,San Patricio,US,2021-11-20 15:55:49,28.017,-97.5169,71.83,74,3,2.73
418,Pangoa,PE,2021-11-20 15:55:50,-12.1167,-73.0,68.36,99,100,1.68
419,Pahrump,US,2021-11-20 15:54:56,36.2083,-115.9839,61.18,27,100,1.99
420,Broome,US,2021-11-20 15:55:50,42.2506,-75.833,39.38,68,98,3.0
421,Bubaque,GW,2021-11-20 15:55:50,11.2833,-15.8333,85.55,52,0,5.77
422,Camacha,PT,2021-11-20 15:55:51,33.0833,-16.3333,67.53,56,20,5.75
423,Simoes,BR,2021-11-20 15:55:51,-7.5989,-40.8178,99.01,24,68,5.95
424,Jinan,CN,2021-11-20 15:55:51,36.6683,116.9972,49.41,92,100,5.28
425,Kangaatsiaq,GL,2021-11-20 15:55:51,68.3065,-53.4641,23.79,72,100,20.2
426,Pyskowice,PL,2021-11-20 15:55:52,50.4,18.6333,49.98,89,100,4.0
427,Pompeu,BR,2021-11-20 15:55:52,-19.2244,-44.9353,76.39,74,99,1.81
428,Khurba,RU,2021-11-20 15:55:52,50.4072,136.8819,5.9,98,68,3.33
429,Ugoofaaru,MV,2021-11-20 15:55:53,5.6667,73.0,82.92,68,96,19.28
430,Imbituba,BR,2021-11-20 15:55:53,-28.24,-48.6703,69.69,57,0,8.97
431,Bourail,NC,2021-11-20 15:55:53,-21.5667,165.4833,71.69,82,39,3.27
432,Elizabeth City,US,2021-11-20 15:55:54,36.2946,-76.2511,53.98,70,16,7.85
433,Hamadan,IR,2021-11-20 15:55:54,34.7992,48.5146,45.48,51,54,4.83
434,Ambilobe,MG,2021-11-20 15:55:54,-13.2,49.05,79.23,69,88,1.86
435,Fort Nelson,CA,2021-11-20 15:55:55,58.8053,-122.7002,-15.21,84,1,0.0
436,Luangwa,ZM,2021-11-20 15:55:55,-15.6167,30.4167,83.75,57,87,3.06
437,Vila Velha,BR,2021-11-20 15:55:55,-20.3297,-40.2925,75.15,88,75,5.75
438,Biskamzha,RU,2021-11-20 15:55:55,53.4497,89.5272,14.4,88,100,8.23
439,Champua,IN,2021-11-20 15:55:56,22.0833,85.6667,74.61,76,92,1.16
440,Ajdabiya,LY,2021-11-20 15:55:56,30.7554,20.2263,66.83,53,6,16.87
441,Surok,RU,2021-11-20 15:55:56,56.4469,48.1214,30.78,96,100,11.41
442,Ust-Karsk,RU,2021-11-20 15:55:57,52.7011,118.8077,12.56,96,100,1.68
443,Aykhal,RU,2021-11-20 15:55:57,66.0,111.5,-22.67,100,93,5.46
444,Mareeba,AU,2021-11-20 15:55:57,-17.0,145.4333,66.92,92,2,2.46
445,Vila,PT,2021-11-20 15:55:57,42.0304,-8.1588,56.28,62,74,1.59
446,Japura,ID,2021-11-20 15:55:58,-0.3167,102.35,75.72,89,98,1.12
447,Leshukonskoye,RU,2021-11-20 15:55:58,64.8989,45.7622,28.29,94,100,6.6
448,Daru,PG,2021-11-20 15:55:58,-9.0763,143.2092,79.47,87,57,13.91
449,Kloulklubed,PW,2021-11-20 15:55:58,7.0419,134.2556,79.3,75,36,11.83
450,Flin Flon,CA,2021-11-20 15:55:59,54.7682,-101.865,22.84,68,90,10.36
451,Whitianga,NZ,2021-11-20 15:55:59,-36.8333,175.7,61.02,92,28,2.77
452,Nizhneangarsk,RU,2021-11-20 15:55:59,55.7833,109.55,6.44,63,100,6.91
453,Ahuimanu,US,2021-11-20 15:56:00,21.4447,-157.8378,75.85,80,75,8.05
454,Petropavlovsk-Kamchatskiy,RU,2021-11-20 15:56:00,53.0452,158.6483,34.39,93,90,44.74
455,Mabaruma,GY,2021-11-20 15:56:00,8.2,-59.7833,84.2,79,75,6.91
456,Sao Felix Do Xingu,BR,2021-11-20 15:54:59,-6.6447,-51.995,88.57,61,63,2.42
457,Am Timan,TD,2021-11-20 15:56:01,11.0297,20.2827,89.64,18,3,2.24
458,La Romana,DO,2021-11-20 15:56:01,18.4273,-68.9728,84.56,70,40,11.5
459,Serowe,BW,2021-11-20 15:56:01,-22.3833,26.7167,75.33,59,76,16.67
460,Sitka,US,2021-11-20 15:56:02,57.0531,-135.33,32.41,75,100,7.18
461,Uarini,BR,2021-11-20 15:56:02,-2.99,-65.1083,84.15,97,100,3.02
462,San Luis,AR,2021-11-20 15:54:58,-33.295,-66.3356,86.86,19,0,14.16
463,Zhangye,CN,2021-11-20 15:57:02,38.9342,100.4517,26.62,65,98,12.08
464,Iquique,CL,2021-11-20 15:52:17,-20.2208,-70.1431,66.24,63,54,10.04
465,Jackson,US,2021-11-20 15:53:48,42.4165,-122.8345,39.88,93,4,1.59
466,Bonfim,BR,2021-11-20 15:57:03,3.0833,-59.95,93.2,43,78,0.56
467,San Policarpo,PH,2021-11-20 15:57:03,12.1791,125.5072,81.86,80,36,4.79
468,Jinka,ET,2021-11-20 15:57:03,5.65,36.65,71.82,51,59,2.35
469,Caluquembe,AO,2021-11-20 15:57:04,-13.7833,14.6833,64.51,84,100,3.15
470,Korla,CN,2021-11-20 15:57:04,41.7597,86.1469,29.44,50,0,2.84
471,Zachary,US,2021-11-20 15:57:04,30.6485,-91.1565,63.79,55,0,4.12
472,Nagua,DO,2021-11-20 15:57:04,19.3832,-69.8474,87.44,79,20,4.61
473,Maragogi,BR,2021-11-20 15:57:05,-9.0122,-35.2225,84.07,63,72,13.44
474,Gari,RU,2021-11-20 15:57:05,59.4307,62.3497,27.59,95,100,10.29
475,Mgachi,RU,2021-11-20 15:57:06,51.05,142.2667,22.8,90,100,5.84
476,Manaus,BR,2021-11-20 15:57:06,-3.1019,-60.025,84.7,78,75,3.44
477,Valparaiso,CL,2021-11-20 15:52:14,-33.0393,-71.6273,64.04,72,20,9.22
478,Sinnamary,GF,2021-11-20 15:57:06,5.3833,-52.95,85.33,69,46,8.66
479,Geraldton,AU,2021-11-20 15:57:07,-28.7667,114.6,64.81,68,0,5.75
480,Flinders,AU,2021-11-20 15:57:07,-34.5833,150.8552,61.21,93,100,4.0
481,Govindgarh,IN,2021-11-20 15:57:07,27.5,76.9833,70.54,76,61,2.91
482,Bend,US,2021-11-20 15:54:28,44.0582,-121.3153,32.61,84,1,4.0
483,Ovalle,CL,2021-11-20 15:57:07,-30.5983,-71.2003,79.0,39,0,7.16
484,Altagracia De Orituco,VE,2021-11-20 15:57:08,9.8601,-66.3814,87.19,53,81,5.28
485,High Rock,BS,2021-11-20 15:57:08,26.6208,-78.2833,75.22,77,96,27.87
486,Bagdarin,RU,2021-11-20 15:57:08,54.4333,113.6,8.31,96,100,2.64
487,Port Keats,AU,2021-11-20 15:57:09,-14.25,129.55,84.4,74,3,5.7
488,Victor Harbor,AU,2021-11-20 15:57:09,-35.5667,138.6167,57.0,71,43,1.99
489,Loudi,CN,2021-11-20 15:57:09,27.7344,111.9944,57.87,92,100,3.49
490,Ipora,BR,2021-11-20 15:57:09,-16.4419,-51.1178,80.49,68,82,3.85
491,El Alto,PE,2021-11-20 15:57:10,-4.2714,-81.2147,71.26,68,63,11.1
492,Dudinka,RU,2021-11-20 15:57:10,69.4058,86.1778,-10.95,90,65,14.81
493,Mount Darwin,ZW,2021-11-20 15:57:10,-16.7725,31.5838,74.89,66,83,4.9
494,Novo Aripuana,BR,2021-11-20 15:57:11,-5.1206,-60.3797,82.44,69,100,4.34
495,Ocotal,NI,2021-11-20 15:57:11,13.6321,-86.4752,77.76,65,93,6.78
496,Ardakan,IR,2021-11-20 15:57:11,32.31,54.0175,55.78,37,1,3.47
497,Karpathos,GR,2021-11-20 15:57:11,35.507,27.2132,60.76,59,20,31.07
498,Bezdead,RO,2021-11-20 15:57:12,45.15,25.5167,44.04,82,13,7.72
499,Chlorakas,CY,2021-11-20 15:57:12,34.8042,32.4083,61.83,62,20,3.44
500,Mayo,US,2021-11-20 15:57:12,38.8876,-76.5119,47.1,63,55,5.01
501,Kiama,AU,2021-11-20 15:57:13,-34.6833,150.8667,60.39,95,100,1.01
502,Vilyuysk,RU,2021-11-20 15:57:13,63.7553,121.6247,-11.97,95,100,2.1
503,Tamandare,BR,2021-11-20 15:57:13,-8.7597,-35.1047,84.16,63,70,12.03
504,Isla Vista,US,2021-11-20 15:57:13,34.4133,-119.861,63.34,77,90,4.61
505,Walvis Bay,NA,2021-11-20 15:57:14,-22.9575,14.5053,68.95,52,0,10.36
506,Daoukro,CI,2021-11-20 15:57:14,7.0591,-3.9631,92.59,40,10,4.09
507,Yangjiang,CN,2021-11-20 15:57:14,21.85,111.9667,70.97,91,24,6.38
508,Anshun,CN,2021-11-20 15:57:15,26.25,105.9333,49.77,93,100,8.34
509,Sambava,MG,2021-11-20 15:58:15,-14.2667,50.1667,76.62,78,7,6.15
510,Nandi,IN,2021-11-20 15:58:15,13.3855,77.6984,71.02,94,100,5.95
511,Mikhaylovka,RU,2021-11-20 15:58:15,50.06,43.2379,44.78,83,100,21.65
512,Malinyi,TZ,2021-11-20 15:58:16,-8.9333,36.1333,90.21,28,1,4.83
513,Vanimo,PG,2021-11-20 15:58:16,-2.6741,141.3028,78.15,87,87,1.74
514,Bria,CF,2021-11-20 15:58:16,6.5423,21.9863,80.87,45,15,2.73
515,Skegness,GB,2021-11-20 15:58:17,53.1436,0.3363,52.09,79,6,14.74
516,Ternate,ID,2021-11-20 15:58:17,0.8,127.4,81.54,78,74,3.51
517,Iguai,BR,2021-11-20 15:58:17,-14.7564,-40.0892,86.97,50,78,6.06
518,Kropotkin,RU,2021-11-20 15:58:17,45.4375,40.5756,49.57,72,97,27.47
519,Glubokiy,RU,2021-11-20 15:58:18,48.5217,40.3258,46.18,87,100,21.68
520,Puerto Madryn,AR,2021-11-20 15:56:34,-42.7692,-65.0385,80.4,25,68,28.9
521,Bambous Virieux,MU,2021-11-20 15:58:18,-20.3428,57.7575,77.25,69,20,11.5
522,Praya,CV,2021-11-20 15:58:18,14.9215,-23.5087,86.54,58,75,13.8
523,Amurzet,RU,2021-11-20 15:58:19,47.6967,131.0981,13.95,87,82,5.14
524,Kurchum,KZ,2021-11-20 15:58:19,48.5722,83.6542,7.12,63,9,5.41
525,Aleksandrovsk-Sakhalinskiy,RU,2021-11-20 15:58:19,50.8975,142.1561,24.08,86,100,9.1
526,Adrar,MR,2021-11-20 15:58:20,20.5022,-10.0711,90.73,15,75,8.81
527,Gawler,AU,2021-11-20 15:58:20,-34.6,138.7333,56.25,80,0,5.64
528,Manono,CD,2021-11-20 15:58:20,-7.3,27.4167,69.37,89,83,13.38
529,Iskateley,RU,2021-11-20 15:58:21,67.6803,53.1512,26.08,94,100,10.49
530,Finnsnes,NO,2021-11-20 15:58:21,69.2296,17.9811,30.81,93,95,3.44
531,Warmbad,NA,2021-11-20 15:58:21,-28.45,18.7333,89.26,9,6,16.08
532,Kirkenaer,NO,2021-11-20 15:58:22,60.4564,12.0582,39.85,81,100,1.57
533,Oktyabrskiy,RU,2021-11-20 15:58:22,54.4815,53.471,30.11,93,100,17.94
534,Telma,RU,2021-11-20 15:58:22,52.6983,103.7097,11.41,83,99,8.84
535,Vangaindrano,MG,2021-11-20 15:58:23,-23.35,47.6,76.57,81,60,9.62
536,Trat,TH,2021-11-20 15:58:23,12.5,102.5,84.97,94,71,1.63
537,Semibratovo,RU,2021-11-20 15:58:23,57.3046,39.5369,31.86,88,100,17.9
538,Pokhara,NP,2021-11-20 15:58:23,28.2333,83.9833,61.23,62,10,5.44
539,Mogadishu,SO,2021-11-20 15:55:04,2.0371,45.3438,80.58,75,27,15.35
540,Dingle,PH,2021-11-20 15:58:24,10.9995,122.6711,76.5,91,59,4.27
541,Klenovyy,UA,2021-11-20 15:58:24,48.1193,39.4588,44.01,91,100,19.28
542,Yulara,AU,2021-11-20 15:58:24,-25.2406,130.9889,69.64,68,99,16.11
543,Otradnoye,RU,2021-11-20 15:57:41,59.7775,30.8181,38.03,76,94,12.44
544,Mapimi,MX,2021-11-20 15:58:25,25.8167,-103.85,60.17,49,0,6.04
545,Touros,BR,2021-11-20 15:58:25,-5.1989,-35.4608,88.7,57,100,15.43
546,Naze,JP,2021-11-20 15:58:26,28.3667,129.4833,68.38,72,99,16.75
547,Comodoro Rivadavia,AR,2021-11-20 15:58:26,-45.8667,-67.5,76.86,25,0,27.63
548,Amboasary,MG,2021-11-20 15:58:26,-25.0333,46.3833,80.44,88,65,8.57
549,Bayji,IQ,2021-11-20 15:58:26,34.9311,43.487,66.83,22,99,6.78
550,Shambu,ET,2021-11-20 15:58:27,9.5667,37.1,55.15,69,92,0.98
551,Belle Fourche,US,2021-11-20 15:58:27,44.6714,-103.8522,44.08,63,99,7.9
552,Slave Lake,CA,2021-11-20 15:58:27,55.2834,-114.769,12.18,79,90,18.41
553,Iralaya,HN,2021-11-20 15:58:28,15.0,-83.2333,80.69,65,98,11.12
554,Truckee,US,2021-11-20 15:59:28,39.328,-120.1833,41.97,86,32,4.5
555,Novomykolayivka,UA,2021-11-20 15:59:28,47.9781,35.9102,48.45,70,82,18.66
556,Vao,NC,2021-11-20 15:59:29,-22.6667,167.4833,72.73,82,48,17.47
557,Sorong,ID,2021-11-20 15:59:29,-0.8833,131.25,79.79,83,100,3.74
558,Tanout,NE,2021-11-20 15:59:29,14.9709,8.8879,90.95,13,20,13.49
559,Kudahuvadhoo,MV,2021-11-20 15:59:29,2.6708,72.8944,81.77,76,74,18.88
560,Mgandu,TZ,2021-11-20 15:59:30,-5.95,34.1333,80.82,22,14,10.22
561,Pombal,BR,2021-11-20 15:59:30,-6.7703,-37.8017,97.75,23,21,8.23
562,Rio Gallegos,AR,2021-11-20 15:59:30,-51.6226,-69.2181,57.25,26,40,39.12
563,Melsomvik,NO,2021-11-20 15:59:31,59.2239,10.3447,46.09,70,0,6.91
564,Puerto Penasco,MX,2021-11-20 15:59:31,31.3167,-113.5333,71.65,46,93,5.26
565,Severnyy,RU,2021-11-20 15:59:31,50.677,36.5532,42.84,75,0,24.61
566,Anadyr,RU,2021-11-20 15:59:32,64.75,177.4833,-14.01,75,20,8.01
567,Walker,US,2021-11-20 15:59:32,30.7335,-95.5669,64.47,73,47,7.4
568,Aklavik,CA,2021-11-20 15:59:32,68.2191,-135.0107,5.0,85,90,3.44
569,Taiyuan,CN,2021-11-20 15:59:33,37.8694,112.5603,37.26,81,82,2.24
570,Churapcha,RU,2021-11-20 15:59:33,62.0025,132.4325,-27.09,100,95,0.76
571,Yekaterinovka,RU,2021-11-20 15:59:33,52.0508,44.3451,36.93,99,100,19.15
572,Alekseyevsk,RU,2021-11-20 15:59:34,57.8406,108.3492,-3.03,99,100,0.94
573,Pilar,BR,2021-11-20 15:59:34,-9.5972,-35.9567,87.73,56,77,13.71
574,Luena,AO,2021-11-20 15:59:34,-11.7833,19.9167,72.05,65,61,4.43
575,Emirdag,TR,2021-11-20 15:59:35,39.0197,31.15,41.61,68,32,5.28
576,Saint-Augustin,CA,2021-11-20 15:59:35,51.226,-58.6502,30.97,52,9,16.62
577,Tocopilla,CL,2021-11-20 15:59:35,-22.092,-70.1979,69.98,60,33,8.34
578,Matara,LK,2021-11-20 15:59:36,5.9485,80.5353,77.11,77,85,9.44
579,San Cristobal,VE,2021-11-20 15:59:36,7.7669,-72.225,75.38,38,54,4.76
